{
  "accuracy": 89.4,
  "drop": 8.799999999999997,
  "op_reduction": 0.8343828715365209
}